id,label
60072,car
60078,car
60102,car
60103,car
60109,car
60174,car
60217,car
60258,car
60282,car
60296,car
60308,car
60327,car
60329,car
60335,car
60361,car
60372,car
60399,car
60405,car
60406,car
60459,car
60478,car
60529,car
60536,car
60568,car
60586,car
60588,car
60635,car
60645,car
60680,car
60696,car
60707,car
60792,car
60807,car
60822,car
60824,car
60849,car
60853,car
60876,car
60908,car
60958,car
60966,car
60976,car
61002,car
61004,car
61031,car
61048,car
61147,car
61209,car
61220,car
61242,car
61257,car
61258,car
61275,car
61319,car
61329,car
61383,car
61384,car
61397,car
61442,car
61460,car
61488,car
61518,car
61520,car
61543,car
61552,car
61553,car
61561,car
61575,car
61586,car
61613,car
61614,car
61640,car
61652,car
61699,car
61721,car
61723,car
61733,car
61767,car
61793,car
61803,car
61840,car
61868,car
61874,car
61919,car
61934,car
61971,car
62032,car
62034,car
62044,car
62116,car
62120,car
62136,car
62150,car
62245,car
62267,car
62270,car
62272,car
62290,car
62320,car
62342,car
62389,car
62415,car
62443,car
62445,car
62449,car
62529,car
62546,car
62599,car
62603,car
62613,car
62624,car
62675,car
62752,car
62781,car
62782,car
62807,car
62809,car
62812,car
62857,car
62870,car
62876,car
62903,car
62923,car
62933,car
62982,car
63007,car
63020,car
63130,car
63211,car
63219,car
63253,car
63264,car
63288,car
63290,car
63357,car
63371,car
63392,car
63417,car
63469,car
63484,car
63496,car
63497,car
63546,car
63570,car
63584,car
63698,car
63700,car
63721,car
63730,car
63766,car
63782,car
63785,car
63809,car
63822,car
63834,car
63863,car
63876,car
63892,car
63916,car
63944,car
63956,car
64007,car
64073,car
64078,car
64079,car
64105,car
64126,car
64139,car
64166,car
64177,car
64186,car
64199,car
64227,car
64230,car
64235,car
64304,car
64358,car
64360,car
64396,car
64404,car
64407,car
64418,car
64441,car
64447,car
64485,car
64486,car
64503,car
64581,car
64648,car
64658,car
64687,car
64692,car
64709,car
64817,car
64821,car
64889,car
64917,car
64923,car
64950,car
64964,car
65218,car
66215,car
66742,car
67295,car
67480,car
68133,car
68540,car
68757,car
69037,car
69146,car
69772,car
70160,car
70294,car
70307,car
70694,car
70752,car
70981,car
71219,car
71709,car
72121,car
72891,car
73467,car
73553,car
73871,car
73886,car
74815,car
74831,car
75400,car
75932,car
76546,car
76875,car
77293,car
77480,car
77777,car
77903,car
78153,car
78807,car
79423,car
79848,car
80298,car
80344,car
80524,car
80704,car
80803,car
80864,car
80921,car
80977,car
81099,car
81771,car
82309,car
82350,car
82433,car
82728,car
82952,car
84215,car
84484,car
86006,car
86771,car
87231,car
88400,car
89039,car
89410,car
89575,car
89577,car
89629,car
89897,car
90414,car
90458,car
90686,car
91236,car
91882,car
92170,car
92890,car
93574,car
93914,car
95307,car
95590,car
95696,car
95950,car
97410,car
97818,car
98236,car
99834,car
100429,car
100887,car
101007,car
101074,car
101173,car
101379,car
101598,car
101677,car
102482,car
102654,car
102732,car
103371,car
103461,car
103674,car
103752,car
103985,car
104177,car
105001,car
106275,car
106610,car
107044,car
108031,car
108249,car
108634,car
108799,car
108809,car
108998,car
109057,car
109115,car
109185,car
109214,car
109820,car
110425,car
112220,car
113238,car
113819,car
114104,car
114113,car
114471,car
114702,car
115202,car
115269,car
116006,car
116008,car
116225,car
118840,car
119162,car
119543,car
119846,car
120096,car
120349,car
120353,car
120602,car
120871,car
121727,car
121850,car
122161,car
122935,car
123345,car
124019,car
124304,car
124483,car
124968,car
125774,car
126103,car
126506,car
126764,car
127194,car
129276,car
129385,car
129645,car
129890,car
130358,car
130639,car
131056,car
131754,car
131808,car
132687,car
132765,car
133082,car
133191,car
133497,car
133733,car
134027,car
134035,car
134076,car
134558,car
134765,car
134834,car
134907,car
135183,car
135192,car
135288,car
135788,car
136217,car
136736,car
136833,car
137038,car
137162,car
137269,car
137679,car
138502,car
139307,car
139896,car
140666,car
141364,car
141493,car
142455,car
142638,car
142826,car
143705,car
143717,car
143847,car
144479,car
145622,car
145749,car
146141,car
146571,car
146572,car
146881,car
147341,car
147704,car
147973,car
148037,car
148405,car
148967,car
148992,car
149599,car
150013,car
150207,car
150974,car
151190,car
151194,car
152109,car
152277,car
152529,car
152683,car
152864,car
153026,car
153282,car
153318,car
153367,car
153650,car
154149,car
154324,car
154974,car
155417,car
156643,car
157157,car
157426,car
157736,car
158019,car
160767,car
162102,car
162169,car
162889,car
163157,car
163708,car
164296,car
165858,car
166184,car
166304,car
167263,car
168006,car
168546,car
168732,car
168734,car
168893,car
168904,car
168950,car
169295,car
169615,car
169930,car
170281,car
171719,car
172152,car
172427,car
172671,car
173142,car
173383,car
173775,car
174289,car
174302,car
174750,car
175047,car
175154,car
175511,car
175520,car
175846,car
176299,car
176311,car
176650,car
177109,car
177385,car
177530,car
177702,car
178301,car
178808,car
179317,car
179380,car
179559,car
180207,car
180499,car
180526,car
180914,car
181187,car
181344,car
182356,car
182558,car
183020,car
183278,car
183443,car
183993,car
184508,car
184902,car
185153,car
185864,car
185911,car
185912,car
186261,car
186478,car
186796,car
186859,car
187396,car
187777,car
188024,car
188125,car
188549,car
190319,car
190979,car
192034,car
192110,car
192163,car
192220,car
193947,car
194092,car
194173,car
194490,car
196074,car
196243,car
196594,car
197432,car
197477,car
197593,car
197804,car
198890,car
199982,car
200439,car
200654,car
201274,car
201797,car
202371,car
202510,car
202529,car
203299,car
203536,car
203634,car
203750,car
203987,car
205077,car
205262,car
206004,car
206459,car
206926,car
207034,car
208359,car
208417,car
208904,car
209872,car
210456,car
210924,car
211024,car
211519,car
211550,car
211946,car
212270,car
212410,car
212427,car
213017,car
213664,car
213984,car
214064,car
214542,car
215233,car
215258,car
216403,car
216640,car
217000,car
217277,car
217403,car
217517,car
217925,car
217996,car
218661,car
218915,car
218944,car
219209,car
219415,car
219759,car
220553,car
220601,car
220626,car
221545,car
221977,car
222968,car
223402,car
224324,car
225057,car
225196,car
225206,car
225936,car
226457,car
226526,car
226795,car
226920,car
226960,car
227032,car
227123,car
227156,car
227259,car
227463,car
227847,car
228580,car
228818,car
228980,car
229864,car
229892,car
230182,car
230291,car
230610,car
231954,car
232684,car
233296,car
233365,car
233574,car
233585,car
233902,car
233985,car
234215,car
234261,car
234734,car
234904,car
235294,car
235417,car
235475,car
235719,car
235825,car
236666,car
237276,car
237353,car
238796,car
239219,car
239492,car
240344,car
240984,car
241156,car
242269,car
242437,car
243408,car
243757,car
244320,car
244695,car
244712,car
244734,car
244983,car
245023,car
245032,car
245065,car
245271,car
245645,car
246743,car
247494,car
248265,car
248354,car
248428,car
248765,car
248793,car
249099,car
249279,car
249755,car
250785,car
250835,car
251317,car
251896,car
252395,car
252945,car
253608,car
254035,car
254665,car
255377,car
255463,car
255755,car
255996,car
256275,car
256542,car
257591,car
258132,car
258456,car
258832,car
259113,car
259283,car
259446,car
259493,car
259949,car
260058,car
260427,car
260546,car
260708,car
261618,car
261726,car
262019,car
262721,car
263949,car
264106,car
264403,car
265250,car
265535,car
265974,car
266056,car
266344,car
266358,car
266422,car
267346,car
267523,car
269060,car
269165,car
269620,car
269826,car
270175,car
271501,car
271926,car
272797,car
273729,car
274199,car
275220,car
275244,car
275265,car
275596,car
276015,car
276107,car
276256,car
276557,car
276572,car
276676,car
277007,car
277391,car
279085,car
279993,car
280302,car
281379,car
281398,car
281430,car
281983,car
283060,car
283228,car
283498,car
283687,car
284042,car
285800,car
285828,car
286796,car
287075,car
287410,car
287634,car
287700,car
287801,car
287847,car
287855,car
287966,car
288324,car
288338,car
288387,car
288715,car
288816,car
289120,car
289391,car
290040,car
290091,car
290400,car
290459,car
290647,car
290721,car
293020,car
293049,car
293265,car
293363,car
294027,car
294497,car
294690,car
294930,car
294988,car
295243,car
295367,car
295373,car
295648,car
295691,car
296017,car
296126,car
296751,car
297202,car
297436,car
298088,car
298305,car
298572,car
299383,car
299719,car
300237,car
300431,car
300763,car
300792,car
300924,car
301765,car
302774,car
303324,car
303343,car
303769,car
303912,car
304157,car
304208,car
304230,car
305123,car
305539,car
306377,car
307125,car
307378,car
307442,car
307881,car
308241,car
308426,car
308467,car
308657,car
308744,car
309211,car
309477,car
310115,car
310477,car
311414,car
311596,car
311610,car
312112,car
312320,car
312650,car
312861,car
312924,car
313034,car
313456,car
313991,car
314168,car
314710,car
314739,car
315040,car
315356,car
315493,car
315670,car
315733,car
316121,car
317938,car
318036,car
318459,car
319204,car
320339,car
320594,car
321310,car
321682,car
321792,car
322490,car
322549,car
323036,car
323495,car
323535,car
324964,car
325450,car
325734,car
326106,car
326475,car
326878,car
327129,car
327266,car
327651,car
327765,car
328321,car
328504,car
328533,car
328880,car
329869,car
329927,car
330219,car
330308,car
330784,car
330996,car
331341,car
331866,car
332121,car
332368,car
332795,car
332805,car
333457,car
333617,car
333981,car
333982,car
334523,car
334561,car
335216,car
335229,car
335703,car
335767,car
336342,car
336700,car
337377,car
337482,car
337725,car
338067,car
338770,car
338848,car
339111,car
339205,car
339861,car
340146,car
340271,car
341097,car
341579,car
342099,car
342605,car
342635,car
343173,car
343477,car
343643,car
343972,car
344141,car
344323,car
344778,car
344956,car
345290,car
345881,car
346002,car
346096,car
346405,car
346418,car
346468,car
347255,car
347412,car
348135,car
348478,car
348866,car
348914,car
349031,car
349215,car
349238,car
349367,car
349472,car
350592,car
351222,car
351358,car
351544,car
351781,car
352102,car
353492,car
353720,car
354024,car
355125,car
355242,car
355289,car
355361,car
356393,car
356764,car
356839,car
357722,car
358986,car
359440,car
359621,car
360045,car
360794,car
360804,car
360813,car
361458,car
362430,car
363688,car
363760,car
365650,car
366344,car
366807,car
367011,car
367032,car
367592,car
368339,car
368423,car
368603,car
368689,car
369119,car
369123,car
369170,car
369505,car
369963,car
370011,car
370208,car
370233,car
370481,car
370592,car
371055,car
371430,car
371588,car
371728,car
371960,car
372129,car
372386,car
372868,car
373249,car
373303,car
374223,car
375398,car
375480,car
375638,car
375826,car
375967,car
376278,car
377795,car
378290,car
378321,car
378629,car
378720,car
378785,car
379215,car
379908,car
379929,car
380560,car
380620,car
380717,car
382471,car
382628,car
383121,car
383226,car
383936,car
384221,car
384816,car
385827,car
386320,car
386400,car
387449,car
388041,car
388675,car
389324,car
389360,car
389585,car
389702,car
390527,car
391315,car
391591,car
391609,car
393030,car
393080,car
393391,car
393859,car
395029,car
395089,car
395158,car
395531,car
396250,car
396605,car
396662,car
396731,car
396935,car
397057,car
397160,car
397386,car
397769,car
397865,car
398155,car
398275,car
398510,car
398847,car
399365,car
399433,car
399894,car
400539,car
400960,car
401289,car
401607,car
401625,car
402528,car
403068,car
403443,car
403588,car
403924,car
404701,car
404754,car
406078,car
406247,car
406744,car
407387,car
407553,car
407742,car
408802,car
409011,car
410300,car
410419,car
410550,car
410679,car
410771,car
410832,car
410837,car
410852,car
410876,car
410954,car
411099,car
411574,car
412009,car
412396,car
412670,car
413005,car
413261,car
413608,car
414547,car
414712,car
414830,car
414983,car
414992,car
415242,car
415870,car
416242,car
418074,car
418228,car
418406,car
419153,car
420007,car
420123,car
420347,car
420513,car
420621,car
421192,car
421276,car
421643,car
422213,car
423756,car
423876,car
424168,car
424340,car
424874,car
425236,car
425677,car
426325,car
427077,car
427130,car
427260,car
427562,car
427629,car
428445,car
430781,car
430831,car
431451,car
431732,car
431753,car
432645,car
432768,car
432828,car
432842,car
433186,car
433604,car
434645,car
435309,car
436088,car
436196,car
436783,car
436904,car
437014,car
438332,car
438923,car
438937,car
439721,car
440309,car
440446,car
440584,car
440946,car
440988,car
441546,car
441752,car
442394,car
442466,car
444231,car
444417,car
445656,car
446552,car
447084,car
447703,car
448024,car
448349,car
449189,car
449310,car
449758,car
449803,car
450136,car
451279,car
451497,car
451739,car
452317,car
454361,car
455193,car
455608,car
456850,car
456935,car
457480,car
457577,car
457787,car
458381,car
458989,car
459495,car
459932,car
459953,car
460190,car
460330,car
460422,car
460802,car
460903,car
460930,car
461385,car
461963,car
462460,car
462461,car
463383,car
464002,car
464517,car
464685,car
464844,car
465131,car
465171,car
465428,car
466425,car
466538,car
466716,car
467026,car
467100,car
468434,car
468798,car
469013,car
469230,car
469329,car
470152,car
470664,car
470931,car
471632,car
471946,car
472141,car
472546,car
472632,car
472634,car
473049,car
473753,car
474531,car
474872,car
475576,car
475610,car
476229,car
476825,car
476922,car
477546,car
477725,car
478637,car
479200,car
480178,car
480516,car
480890,car
480901,car
481185,car
481496,car
481513,car
482223,car
482936,car
483013,car
483055,car
483406,car
484105,car
484884,car
485345,car
485567,car
485618,car
485649,car
486156,car
486250,car
486251,car
488359,car
488538,car
489016,car
489032,car
489343,car
489514,car
490418,car
490621,car
490734,car
490919,car
491003,car
491059,car
491557,car
491663,car
491773,car
492318,car
492348,car
492398,car
493236,car
493293,car
493304,car
493802,car
493904,car
494197,car
495003,car
495584,car
495796,car
496126,car
496939,car
497349,car
498589,car
498715,car
498741,car
499015,car
499971,car
500393,car
500434,car
501220,car
501882,car
501977,car
502566,car
503682,car
503810,car
504544,car
504698,car
504740,car
505052,car
505380,car
505818,car
506908,car
506934,car
507201,car
507707,car
507904,car
507954,car
509516,car
510453,car
510501,car
511282,car
513149,car
513229,car
513487,car
514659,car
514904,car
515462,car
515504,car
515777,car
516249,car
516835,car
517428,car
517488,car
517691,car
517951,car
518035,car
518540,car
518707,car
519131,car
519438,car
519742,car
519750,car
519816,car
520167,car
520227,car
520231,car
520465,car
521784,car
521936,car
522994,car
523145,car
523212,car
523275,car
523591,car
524262,car
525195,car
525269,car
525455,car
526031,car
526177,car
526381,car
528239,car
528547,car
529472,car
530296,car
530916,car
531212,car
531372,car
531375,car
532731,car
533377,car
533634,car
534226,car
534467,car
535370,car
535415,car
535593,car
535891,car
535966,car
536180,car
536341,car
536495,car
536640,car
536763,car
537168,car
537470,car
537714,car
538328,car
538353,car
538530,car
539255,car
539574,car
540146,car
540563,car
540585,car
540917,car
541718,car
542614,car
542743,car
543016,car
544576,car
545179,car
